Title,Engine,Price
"
Mercedes-Benz GLA	",1332 cc | Petrol | Diesel,"
Rs. 46.50 - 50.50 Lakh	

Check On-road Price

"
"
Mercedes-Benz S-Class	",2925 cc | Petrol | Diesel,"
Rs. 1.64 - 1.73 Crore	

Check On-road Price

"
"
Mercedes-Benz GLE	",2999 cc | 10 kmpl | Petrol | Diesel,"
Rs. 88.00 Lakh - 1.05 Crore	

Check On-road Price

"
"
Mercedes-Benz E-Class	",2925 cc | 16 kmpl | Petrol | Diesel,"
Rs. 76.00 - 89.00 Lakh	

Check On-road Price

"
"
Mercedes-Benz GLS	",2925 cc | Petrol | Diesel,"
Rs. 1.19 - 2.92 Crore	

Check On-road Price

"
"
Mercedes-Benz C-Class	",1496 cc | 23 kmpl | Petrol | Diesel,"
Rs. 57.20 - 63.00 Lakh	

Check On-road Price

"
"
Mercedes-Benz AMG G 63	",3982 cc | Petrol,"
Rs. 3.30 Crore	

Check On-road Price

"
"
Mercedes-Benz EQS	",857km | Electric,"
Rs. 1.55 - 2.45 Crore	

Check On-road Price

"
"
Mercedes-Benz GLB	",1332 cc | Petrol | Diesel,"
Rs. 63.80 - 69.80 Lakh	

Check On-road Price

"
"
Mercedes-Benz Maybach S-Class	",3982 cc | Petrol,"
Rs. 2.57 - 3.32 Crore	

Check On-road Price

"
"
Mercedes-Benz AMG GLC 43	",2996 cc | Petrol,"
Rs. 87.00 Lakh	

Check On-road Price

"
"
Mercedes-Benz GLC Coupe	",1950 cc | 16 kmpl | Petrol | Diesel,"
Rs. 72.50 - 73.50 Lakh	

Check On-road Price

"
"
Mercedes-Benz AMG GLE 53	",2999 cc | Petrol,"
Rs. 1.63 Crore	

Check On-road Price

"
"
Mercedes-Benz A-Class Limousine	",1332 cc | Petrol | Diesel,"
Rs. 42.00 - 44.00 Lakh	

Check On-road Price

"
"
Mercedes-Benz EQC	",20.8-19.7kWh/100km | 455-471km | Electric,"
Rs. 99.50 Lakh	

Check On-road Price

"
"
Mercedes-Benz AMG A 35	",1991 cc | Petrol,"
Rs. 58.00 Lakh	

Check On-road Price

"
"
Mercedes-Benz AMG GLA 35	",1991 cc | Petrol,"
Rs. 61.00 Lakh	

Check On-road Price

"
"
Mercedes-Benz AMG GLE 63 S	",3982 cc | 8 kmpl | Petrol,"
Rs. 2.23 Crore	

Check On-road Price

"
"
Mercedes-Benz AMG E 53	",2999 cc | Petrol,"
Rs. 1.06 Crore	

Check On-road Price

"
"
Mercedes-Benz AMG E 63	",3982 cc | 9 kmpl | Petrol,"
Rs. 1.77 Crore	

Check On-road Price

"
"
Mercedes-Benz AMG A 45 S	",1991 cc | Petrol,"
Rs. 83.80 Lakh	

Check On-road Price

"
"
Mercedes-Benz EQB	",423km | Electric,"
Rs. 74.50 Lakh	

Check On-road Price

"
"
Mercedes-Benz AMG E 53 Cabriolet	",2998 cc | Petrol,"
Rs. 1.30 Crore	

Check On-road Price

"
